<?xml version="1.0" encoding="UTF-8"?>
<project-private xmlns="http://www.netbeans.org/ns/project-private/1">
    <editor-bookmarks xmlns="http://www.netbeans.org/ns/editor-bookmarks/2" lastBookmarkId="0"/>
    <open-files xmlns="http://www.netbeans.org/ns/projectui-open-files/2">
        <group>
            <file>file:/D:/mohamed/Java/Study/company%20project/src/forms/employee.java</file>
            <file>file:/D:/mohamed/Java/Study/company%20project/src/forms/mainfrm.java</file>
            <file>file:/D:/mohamed/Java/Study/company%20project/src/forms/projReport.java</file>
            <file>file:/D:/mohamed/Java/Study/company%20project/src/forms/work_on.java</file>
            <file>file:/D:/mohamed/Java/Study/company%20project/src/forms/mainReports.java</file>
            <file>file:/D:/mohamed/Java/Study/company%20project/src/company/project/CompanyProject.java</file>
            <file>file:/D:/mohamed/Java/Study/company%20project/src/forms/pohneRep.java</file>
            <file>file:/D:/mohamed/Java/Study/company%20project/src/db/database.java</file>
            <file>file:/D:/mohamed/Java/Study/company%20project/src/forms/workReport.java</file>
            <file>file:/D:/mohamed/Java/Study/company%20project/src/entity/Employee_Phones.java</file>
            <file>file:/D:/mohamed/Java/Study/company%20project/src/entity/Work_On.java</file>
        </group>
    </open-files>
</project-private>
